Workbook

Sheet 使い方
A1: GRS が利用者に出すメッセージの要否（記入用）
A2: 測った commit: 572da133（2026-10-08）。測り方は docs/review/message-review-2026-10-07.md の『調べ方』と同じ。
A3: JDG-1553「エラーメッセージ/ワーニングメッセージが多すぎる。一覧表を出せ」と DFC-2166 / PND-787 に答える表。
A5: 記入のしかた
A6: 1. シート『記入』を開く。黄色の 2 列（要否・コメント）だけを書く。ほかの列は変えない。
A7: 2. 『要否』には推奨を先に入れてある。賛成なら触らない。変えたい行だけ、セルの ▼ から選び直す。
A8: 3. 『文面を直す』を選んだ行は、コメントに直した文を書く（推奨の理由に案があれば、それでよければ『案のとおり』）。
A9: 4. 迷う行・問いがある行はコメントに書く。空でよい。
A10: 5. 見出しの ▼ で、まとまり・深刻度・OK・状況ごとに絞り込める。
A11: 6. 終わったら上書き保存（Ctrl+S）し、チャットで『埋めた』と伝える。ファイル名・場所・シート名は変えない。
A13: 要否の 5 つの意味
A14: 表示する（今のまま）: 今の出し方のまま残す。
... A26: 要否の数（記入に合わせて自動で数え直す）
A27: 要否 | B27: 推奨 | C27: 記入
A28: 表示する（今のまま） | B28: =COUNTIF(記入!$P$2:$P$139,A28) -> 66 | C28: =COUNTIF(記入!$N$2:$N$139,A28) -> 63
A29: 表示しない | B29: =COUNTIF(記入!$P$2:$P$139,A29) -> 14 | C29: =COUNTIF(記入!$N$2:$N$139,A29) -> 22
A30: OK を押さずに自然に消える表示にする | B30: =COUNTIF(記入!$P$2:$P$139,A30) -> 15 | C30: =COUNTIF(記入!$N$2:$N$139,A30) -> 12
A31: 1 枚にまとめる（同じまとまりの他の行と） | B31: =COUNTIF(記入!$P$2:$P$139,A31) -> 17 | C31: =COUNTIF(記入!$N$2:$N$139,A31) -> 15
A32: 文面を直す（コメントに案） | B32: =COUNTIF(記入!$P$2:$P$139,A32) -> 26 | C32: =COUNTIF(記入!$N$2:$N$139,A32) -> 26
A33: 計 | B33: =SUM(B28:B32) -> 138 | C33: =SUM(C28:C32) -> 138
A34: 推奨と違う行の数 | C34: =SUMPRODUCT(--(記入!$N$2:$N$139<>記入!$P$2:$P$139)) -> 11

Sheet 記入
A1: # | B1: ID | C1: 領域 | D1: 深刻度 | E1: OK | F1: まとまり | G1: 状況 | H1: 出る場面 | I1: 文（日本語） | J1: 次の一手（日本語） | K1: English | L1: 推奨の理由 | M1: 作法 | N1: 要否（記入） | O1: コメント（記入） | P1: 推奨（参照・変えない） | Q1: 備考 | R1: 出す所（src）
A2: 1 | B2: RS-4 | C2: ファイル読込（開く・取り込み・起動時） | D2: エラー | E2: 要 | F2: D | G2: 既存 | H2: ヘッダーの『開く』で選んだ（またはドロップした）ファイルが UTF-8 でない（例: Shift_JIS で保存した MSPDI XML）とき | I2: このファイルは UTF-8 ではないので読めません | J2: UTF-8 で保存し直してから開いてください | K2: This file is not UTF-8, so it cannot be read → Save it as UTF-8 and open it again | L2: 開けなかった理由と直し方は画面のどこにも出ないので、告げないと利用者は何もできない | M2: NT-1 | N2: 表示する（今のまま） | P2: 表示する（今のまま） | Q2: 開く操作が丸ごと止まる。ほかの読込通知とは重ならない | R2: src/framework/single-html-shell/frame-loop.ts:2833（raiseFileFault、対応表 881 notUtf8）
A3: 2 | B3: RS-11 | C3: ファイル読込（開く・取り込み・起動時） | D3: エラー | E3: 要 | F3: D | G3: 既存 | H3: ヘッダーの『開く』で、拡張子が .json / .xml / .html のどれでもないファイルを選んだとき | I3: 拡張子が、読み取れる形式のどれにも当てはまりません | J3: 読み取れる形式のファイルを選んでください | K3: The file name extension matches no format that can be read → Choose a file in a format that can be read | L3: 利用者には拡張子と中身の違いは要らない。RS-11/12/13 を「このファイルは GRS が読める形式（GRS JSON・MSPDI XML・GRS の .html）ではありません → 形式とファイルが壊れていないかを確かめてください」の 1 文にまとめる | M3: NT-1 | N3: 1 枚にまとめる（同じまとまりの他の行と） | P3: 1 枚にまとめる（同じまとまりの他の行と） | Q3: RS-12・RS-13 と 3 つで「形式が分からない」を言い分けている | R3: src/framework/single-html-shell/document-file-flow.ts:673（対応表 98 extension）
A4: 3 | B4: RS-12 | C4: ファイル読込（開く・取り込み・起動時） | D4: エラー | E4: 要 | F4: D | G4: 既存 | H4: ヘッダーの『開く』で、拡張子は .json などなのに中身の先頭がどの形式にも当たらない（壊れた・空の）ファイルを選んだとき | I4: ファイルの中身が、読み取れる形式のどれにも当てはまりません | J4: ファイルが壊れていないかを確かめてください | K4: The contents match no format that can be read → Check whether the file is intact | L4: RS-11 と同じ 1 文にまとめる（言い分けても利用者の次の一手は同じ） | M4: NT-1 | N4: 1 枚にまとめる（同じまとまりの他の行と） | P4: 1 枚にまとめる（同じまとまりの他の行と） | R4: src/framework/single-html-shell/document-file-flow.ts:673（対応表 99 firstCharacter）
A5: 4 | B5: RS-13 | C5: ファイル読込（開く・取り込み・起動時） | D5: エラー | E5: 要 | F5: D | G5: 既存 | H5: ヘッダーの『開く』で、拡張子は .json なのに中身が XML（またはその逆）のファイルを選んだとき | I5: 拡張子と中身が別の形式を指しているので、どちらとしても読めません | J5: ファイル名と中身のどちらが正しいかを確かめてください | K5: The extension and the contents name different formats, so neither can be read → Check which of the name and the contents is right | L5: RS-11 と同じ 1 文にまとめる | M5: NT-1 | N5: 1 枚にまとめる（同じまとまりの他の行と） | P5: 1 枚にまとめる（同じまとまりの他の行と） | R5: src/framework/single-html-shell/document-file-flow.ts:673（対応表 100 both）
A6: 5 | B6: RS-67 | C6: ファイル読込（開く・取り込み・起動時） | D6: エラー | E6: 要 | F6: D | G6: 既存 | H6: ヘッダーの『開く』で GRS が書き出したものではない .html を選んだとき、または文書の容れ物が 2 つ以上ある .html を起動したとき | I6: このファイルは GRS で開ける .html ではありません | J6: GRS のヘッダーの書き出しで作ったファイルか、ファイルの出どころを確かめてください | K6: This file is not an .html that GRS can open → Check that it was written out from the GRS header, or where the file came from | L6: 開かなかった理由が画面からは読めない。出どころを確かめる手がかりが要る | M6: NT-1 | N6: 表示する（今のまま） | P6: 表示する（今のまま） | R6: src/framework/single-html-shell/document-file-flow.ts:317（acceptedIntake）／起動時 single-html-shell.ts:286
A7: 6 | B7: RS-25 | C7: ファイル読込（開く・取り込み・起動時） | D7: エラー | E7: 要 | F7: D | G7: 既存 | H7: GRS JSON の列が決められた形に合わないファイルを読んだとき（起動時に埋め込まれた文書、または『開く』で選んだ .json） | I7: 読み込んだファイルの中身が、決められた形に合いません | J7: 書き出したときのファイルをそのまま開いてください | K7: The contents of the file that was read do not match the settled shape → Open the file as it was written out | L7: 『開く』で黙って開かないのは不具合に見える。起動時と同じく告げる（acceptedIntake で RS-25 も通知する） | M7: NT-1 | N7: 表示する（今のまま） | P7: 表示する（今のまま） | Q7: ⚠️ 『開く』では何も出ずに開かない（出なさすぎ、2026-10-07 から変わらず） | R7: 起動時のみ src/framework/single-html-shell/single-html-shell.ts:285→645。『開く』の経路は document-file-flow.ts:316 が RS-64/RS-67 しか通知しないので黙る
A8: 7 | B8: RS-26 | C8: ファイル読込（開く・取り込み・起動時） | D8: エラー | E8: 要 | F8: D | G8: 既存 | H8: OS から「GRS で開く」で渡したファイルが起動時に読めなかったとき | I8: 起動時に渡されたファイルを読めなかったので、開いていません | J8: そのファイルを選び直して開いてください | K8: The file handed at start-up could not be read, so it was not opened → Choose that file again and open it | L8: 起動したのに文書が出ない理由が分からないので要る | M8: NT-1 | N8: 表示する（今のまま） | P8: 表示する（今のまま） | Q8: 起動時の用件として 1 枚に集約される（NT-4、notices.ts:220） | R8: src/framework/single-html-shell/single-html-shell.ts:287→645
A9: 8 | B9: RS-75 | C9: ファイル読込（開く・取り込み・起動時） | D9: エラー | E9: 要 | F9: H | G9: 新規 | H9: ヘッダーの『開く』や開き直す操作（Ctrl+R 相当の SK-21）が、権限・形式以外の思いがけない理由で途中で失敗したとき | I9: ファイルを開く途中で、思いがけない理由で失敗しました | J9: もう一度開いてください。続くときは、直前の操作を控えてください | K9: Opening the file failed partway for an unexpected reason → Open it once more; if it keeps happening, note what you did | L9: 開けなかったことは画面に出ないので要る。RS-15 より何が失敗したかが分かる分よい | M9: NT-3a | N9: 表示する（今のまま） | P9: 表示する（今のまま） | Q9: CR-705 で新設。RS-15 の「読む操作」版 | R9: src/framework/single-html-shell/document-file-flow.ts:491（beginReadingDocumentFile の catch）
A10: 9 | B10: RS-64 | C10: ファイル読込（開く・取り込み・起動時） | D10: エラー | E10: 要 | F10: E | G10: 既存 | H10: 新しい版の GRS で作った文書を『開く』で選んだ（または起動した）が、日程データの形がこの版で読めないとき | I10: この文書は新しい形式で書かれており、この版では開けません | J10: 最新版を {downloadUrl} からダウンロードして開いてください | K10: This document is in a newer format, and this version cannot open it → Download the latest version from {downloadUrl} and open the document there | L10: 開けない理由と最新版の入手先は告げないと分からない | M10: NT-1 | N10: 表示する（今のまま） | P10: 表示する（今のまま） | Q10: リンク {downloadUrl} 付き | R10: src/framework/single-html-shell/document-file-flow.ts:317／起動時 single-html-shell.ts:294
A11: 10 | B11: RS-48 | C11: ファイル読込（開く・取り込み・起動時） | D11: エラー | E11: 要 | F11: E | G11: 既存 | H11: 新しい版の GRS で作った文書を開き、この版で読めない項目があったとき | I11: この文書は新しい形式で書かれており、読めなかった項目があります | J11: 続けると、読めなかった項目は保存したときに失われます。失いたくないときは、最新版を {downloadUrl} からダウンロードして開いてください | K11: This document is in a newer format, and some items could not be read → If you go on, what could not be read is lost when you save. To keep it, download the latest version from {downloadUrl} and open the document there | L11: 保存すると読めなかった項目が失われる。データが消える話なので要る | M11: NT-1 | N11: 表示する（今のまま） | P11: 表示する（今のまま） | Q11: spec は NT-1（開く前に問う）だが src は開いた後に出す（DEVIATION DFC-855、document-file-flow.ts:336）。差分確認の画面（U-61）にも同じ語 | R11: src/framework/single-html-shell/document-file-flow.ts:338／起動時 single-html-shell.ts:651
A12: 11 | B12: RS-63 | C12: ファイル読込（開く・取り込み・起動時） | D12: 警告 | E12: 要 | F12: E | G12: 既存 | H12: 新しい版の GRS で作った文書を開き、すべての項目が読めたとき | I12: この文書は、この版より新しい形式で書かれています | J12: 最新版を {downloadUrl} からダウンロードして使ってください | K12: This document is in a newer format than this version → Download the latest version from {downloadUrl} and use it | L12: 失うものは無く、最新版の案内だけなので、読めれば足りる | M12: NT-5 | N12: OK を押さずに自然に消える表示にする | P12: OK を押さずに自然に消える表示にする | Q12: 開けて何も失われないのに OK を求める | R12: src/framework/single-html-shell/document-file-flow.ts:335／起動時 single-html-shell.ts:651
A13: 12 | B13: RS-14 | C13: ファイル読込（開く・取り込み・起動時） | D13: 警告 | E13: 要 | F13: I | G13: 既存 | H13: ヘッダーの『開く』で複数のファイルを選んだ、または複数を一度にドロップしたとき（先頭の 1 つだけ開く） | I13: 先頭の 1 つだけを開きました。残りは開いていません | J13: 残りは 1 つずつ開いてください | K13: Only the first file was opened; the rest were left → Open the rest one at a time | L13: 1 回の読込で出る知らせ（クラスタ I）を 1 枚の「読込の結果」にまとめ、件数の行として並べる | M13: NT-5 | N13: 1 枚にまとめる（同じまとまりの他の行と） | P13: 1 枚にまとめる（同じまとまりの他の行と） | Q13: 件数付き。同じ読込で RS-51/52/60/16/71/72 と積み重なり得る | R13: src/framework/single-html-shell/document-file-flow.ts:667
A14: 13 | B14: RS-50 | C14: ファイル読込（開く・取り込み・起動時） | D14: 警告 | E14: 要 | F14: I | G14: 既存 | H14: 使えない日付（読めない・範囲外）を持つタスクを含むファイルを開き、そのタスクを落として取り込んだとき | I14: 下記の無効なタスクを削除して取り込みました | J14: 元のファイルの日付を直して読み直すか、取り消しで取り込む前へ戻せます | K14: The invalid tasks listed below were removed, and the rest was imported → Fix the dates in the original file and read it again, or undo to get back to before the import | L14: タスクが消えたことと名前は画面からは分からない。I の他の行をまとめる受け皿にもなる | M14: NT-5 | N14: 表示する（今のまま） | P14: 表示する（今のまま） | Q14: 通知の欄ではなく取込報告の面に、落としたタスク名の一覧と出る。RS-73 と同じ面 | R14: src/adapter/screen-renderer/open-modals.ts:86（取込報告の面 U-62、OK で閉じる open-modals-drawing.ts:751）
A15: 14 | B15: RS-51 | C15: ファイル読込（開く・取り込み・起動時） | D15: 警告 | E15: 要 | F15: I | G15: 既存 | H15: 開いた文書（または起動時の文書）の設定値が範囲の外で、範囲内に収めたとき | I15: 読んだ設定値が範囲の外だったので、範囲に収めました | J15: 元の値が要るときは、保存し直す前に元のファイルを控えてください | K15: Settings the document carried were out of range and were brought back in → Keep a copy of the original file before saving, if those values matter | L15: 同じ読込の他の知らせと 1 枚（取込報告 U-62 か 1 枚の通知）に件数の行として並べる | M15: NT-5 | N15: 1 枚にまとめる（同じまとまりの他の行と） | P15: 1 枚にまとめる（同じまとまりの他の行と） | Q15: 件数付き | R15: src/framework/single-html-shell/document-file-flow.ts:798／起動時 single-html-shell.ts:647
A16: 15 | B16: RS-52 | C16: ファイル読込（開く・取り込み・起動時） | D16: 警告 | E16: 要 | F16: I | G16: 既存 | H16: 開いた文書の完了率が日付と食い違っていて数え直したとき、または『休日の設定』の『適用』などで暦を変えて完了率が変わったとき | I16: 完了率を日付から数え直しました | J16: 暦を変えたときは、取り消しで暦ごと戻せます。ファイルを開いたときは、元の値が日付と食い違っていました | K16: The percent complete was counted again from the dates → After a calendar change, Undo puts both back. After opening a file, its stored values disagreed with its dates | L16: 読込時は他の読込の知らせと 1 枚にまとめる。暦の編集後に単独で出る場合はそのまま 1 枚 | M16: NT-3 | N16: 1 枚にまとめる（同じまとまりの他の行と） | P16: 1 枚にまとめる（同じまとまりの他の行と） | Q16: 件数付き（NT-3）。画面の編集後にも出る | R16: src/framework/single-html-shell/document-file-flow.ts:799, 833／編集後 frame-loop.ts:3141
A17: 16 | B17: RS-60 | C17: ファイル読込（開く・取り込み・起動時） | D17: 警告 | E17: 要 | F17: I | G17: 既存 | H17: MSPDI XML を開き、1 つしか置けない要素が重なっていて最初のものを採ったとき | I17: 同じ要素が重なっていたので、最初のものを採りました | J17: 後のほうの値が正しいときは、元のファイルを直して読み直してください | K17: Some elements appeared more than once; the first of each was kept → If a later copy held the right value, fix the original file and read it again | L17: 同じ読込の他の知らせと 1 枚にまとめる | M17: NT-5 | N17: 1 枚にまとめる（同じまとまりの他の行と） | P17: 1 枚にまとめる（同じまとまりの他の行と） | Q17: 件数付き | R17: src/framework/single-html-shell/document-file-flow.ts:800
A18: 17 | B18: RS-71 | C18: ファイル読込（開く・取り込み・起動時） | D18: 警告 | E18: 要 | F18: I | G18: 新規 | H18: 『開く』→ ファイルを開く面で『合流させる』を選び、取り込んだファイルの値で対応するタスクを上書きしたとき | I18: 取り込んだファイルの値で、対応するタスクを上書きしました | J18: 上書きしたくなかったときは、取り消しで合流する前へ戻せます | K18: The matching tasks were overwritten with the values of the file you brought in → If that was not wanted, undo to get back to before the merge | L18: 合流の結果（上書き N 件・残した N 件・届かなかった名前）を 1 枚にまとめる。取り消しで戻せるので単独の OK は重い | M18: NT-3 | N18: 1 枚にまとめる（同じまとまりの他の行と） | P18: 1 枚にまとめる（同じまとまりの他の行と） | Q18: CR-688 で新設（MG-14）。件数付き。合流のたびに RS-72 と並んで出得る | R18: src/framework/single-html-shell/document-file-flow.ts:604（tellImportReport）
... A21: 20 | B21: RS-16 | C21: ファイル読込（開く・取り込み・起動時） | D21: 警告 | E21: 要 | F21: I | G21: 既存 | H21: ヘッダーの『変更前の予定』または開く面の『重ねる』で比較用のファイルを重ね、対応するタスクが無いものがあったとき | I21: 重ねたファイルの一部のタスクは、現在の文書に対応するものが無いので描いていません | J21: 対応するタスクを持つ文書へ重ねると描かれます | K21: Some tasks of the overlaid file have no counterpart in this document, so they are not drawn → Overlay it on a document that holds the matching tasks and they will be drawn | L21: 同じ読込で出る RS-51/52/60 などと 1 枚にまとめる | M21: NT-5 | N21: 1 枚にまとめる（同じまとまりの他の行と） | P21: 1 枚にまとめる（同じまとまりの他の行と） | Q21: 件数付き | R21: src/framework/single-html-shell/document-file-flow.ts:601（tellImportReport）
A22: 21 | B22: RS-21 | C22: ファイル読込（開く・取り込み・起動時） | D22: エラー | E22: 要 | G22: 既存 | H22: 稼働する曜日が 1 つも無い暦を持つ文書を『開く』で選んだ、または起動したとき | I22: 稼働する曜日が 1 つも無い暦なので、この文書の暦にできません | J22: 稼働する曜日を 1 つ以上選んでください | K22: This calendar has no working weekday, so it cannot be the calendar of this document → Choose at least one working weekday | L22: 開けない理由と直し方は画面に出ないので要る | M22: NT-1 | N22: 表示する（今のまま） | P22: 表示する（今のまま） | Q22: IV-17 と同じ条件（クラスタ M）。『休日の設定』で全曜日を休みにする編集は REFUSAL_SITUATIONS（frame-loop.ts:905）に IV-17 が無いので RS-10 になる見込み（未実測） | R22: src/framework/single-html-shell/document-file-flow.ts:724／起動時 single-html-shell.ts:347
A23: 22 | B23: QN-5 | C23: ファイル読込（開く・取り込み・起動時） | D23: 確認 | E23: 要 | F23: L | G23: 既存 | H23: ヘッダーの『開く』で『置き換える』を選んだとき、または『新規作成』を押したとき（いまの文書を捨てる前） | I23: いまの文書を閉じますか？ 保存していない編集と、元に戻す履歴は失われます | K23: Close the current document? Unsaved edits and the undo history will be lost | L23: 未保存の編集が無いときは失うのは取り消しの履歴だけなので問わない（未保存の編集があるときだけ今のまま問う） | M23: NT-7 | N23: 表示しない | P23: 表示しない | Q23: 未保存の編集の有無によらず問う（spec 表 T-234 が明記）。Yes / No、y / n、Esc = No | R23: src/framework/single-html-shell/frame-loop.ts:2147（discardQuestionOf）, 3200（新規作成）
A24: 23 | B24: IV-1 | C24: ファイル読込 — 取り込みの拒否（不変条件 表 T-220） | D24: エラー | E24: — | F24: M | G24: 既存 | H24: 開いたファイルの中で ID（主キー）が重複しているとき | L24: 案「同じ ID のものが 2 つ以上あるので、このファイルは開けません → 元のファイルの ID の重なりを直してから開いてください」（RS-57 と語を揃える） | N24: 文面を直す（コメントに案） | P24: 文面を直す（コメントに案） | Q24: 語が空で、今は何も出ずに開かない。編集での同じ拒否は RS-57（frame-loop.ts:909） | R24: なし（schedule-invariants.ts:323 が検査。取込の拒否は document-file-flow.ts:717 で黙って false、frame-loop.ts:895 importRefused: null）
A25: 24 | B25: IV-2 | C25: ファイル読込 — 取り込みの拒否（不変条件 表 T-220） | D25: エラー | E25: — | G25: 既存 | H25: 開いたファイルの参照先（外部キー: タスク・担当者・タスクグループの id）が存在しないとき | L25: 案「存在しないものを指している参照があるので、このファイルは開けません → 書き出したときのファイルをそのまま開いてください」 | N25: 文面を直す（コメントに案） | P25: 文面を直す（コメントに案） | Q25: 語が空。編集での同じ拒否（edit-task.ts:205 など）は REFUSAL_SITUATIONS に無いので RS-10 になる | R25: なし（schedule-invariants.ts:347。取込は document-file-flow.ts:717 で黙る）
A26: 25 | B26: IV-3 | C26: ファイル読込 — 取り込みの拒否（不変条件 表 T-220） | D26: エラー | E26: — | G26: 既存 | H26: 開いたファイルで、ピン止めしたタスクグループ（行）が存在しないものを指しているとき | L26: 案「ピン止めの記録が存在しないタスクグループを指しているので、このファイルは開けません → 書き出したときのファイルをそのまま開いてください」 | N26: 文面を直す（コメントに案） | P26: 文面を直す（コメントに案） | Q26: 語が空 | R26: なし（schedule-invariants.ts:385。取込は document-file-flow.ts:717 で黙る）
A27: 26 | B27: IV-4 | C27: ファイル読込 — 取り込みの拒否（不変条件 表 T-220） | D27: エラー | E27: — | F27: M | G27: 既存 | H27: 開いたファイルのタスクの親子（WBS の親）が輪になっているとき | L27: 案「タスクの親子が輪になっているので、このファイルは開けません → 元のファイルで親子の輪を解いてから開いてください」 | N27: 文面を直す（コメントに案） | P27: 文面を直す（コメントに案） | Q27: 語が空。RS-55（輪）と近い | R27: なし（schedule-invariants.ts:403。取込は document-file-flow.ts:717 で黙る）
A28: 27 | B28: IV-5 | C28: ファイル読込 — 取り込みの拒否（不変条件 表 T-220） | D28: エラー | E28: — | G28: 既存 | H28: 開いたファイルのタスクグループ（行）の入れ子が深さの上限を超えているとき | L28: 案「タスクグループの入れ子が段の上限より深いので、このファイルは開けません → 元のファイルで入れ子を浅くしてから開いてください」 | N28: 文面を直す（コメントに案） | P28: 文面を直す（コメントに案） | Q28: 語が空 | R28: なし（schedule-invariants.ts:419。取込は document-file-flow.ts:717 で黙る）
A29: 28 | B29: IV-6 | C29: ファイル読込 — 取り込みの拒否（不変条件 表 T-220） | D29: エラー | E29: — | G29: 既存 | H29: 開いたファイルで、タスクがどのタスクグループ（行）にも属していない、または 2 つ以上に属しているとき | L29: 案「どのタスクグループにも載っていない（または 2 つ以上に載っている）タスクがあるので、このファイルは開けません → 書き出したときのファイルをそのまま開いてください」 | N29: 文面を直す（コメントに案） | P29: 文面を直す（コメントに案） | Q29: 語が空 | R29: なし（schedule-invariants.ts:443。取込は黙る。編集 edit-task.ts:301 は RS-10）
A30: 29 | B30: IV-23 | C30: ファイル読込 — 取り込みの拒否（不変条件 表 T-220） | D30: エラー | E30: — | G30: 既存 | H30: 開いたファイルで、タスクの見た目の記録が 0 個または 2 個以上あるとき | L30: 案「タスクの見た目の記録が欠けているか重なっているので、このファイルは開けません → 書き出したときのファイルをそのまま開いてください」 | N30: 文面を直す（コメントに案） | P30: 文面を直す（コメントに案） | Q30: 語が空 | R30: なし（validate-imported-document.ts:313 が検査し、document-file-flow.ts:717 で黙って開かない）
A31: 30 | B31: IV-7 | C31: ファイル読込 — 取り込みの拒否（不変条件 表 T-220） | D31: エラー | E31: — | G31: 既存 | H31: 開いたファイルに暦が 1 つも無いとき | L31: 案「暦が 1 つも無いので、このファイルは開けません → 書き出したときのファイルをそのまま開いてください」 | N31: 文面を直す（コメントに案） | P31: 文面を直す（コメントに案） | Q31: 語が空 | R31: なし（schedule-invariants.ts:455。取込は黙る）
A32: 31 | B32: IV-17 | C32: ファイル読込 — 取り込みの拒否（不変条件 表 T-220） | D32: エラー | E32: — | F32: M | G32: 既存 | H32: 開いたファイルの暦に稼働する曜日が 1 つも無いとき | L32: 案: RS-21 の語をそのまま使う（「稼働する曜日が 1 つも無い暦なので…」）。IV-17 独自の語は要らない | N32: 文面を直す（コメントに案） | P32: 文面を直す（コメントに案） | Q32: 語が空。RS-21 と同じ条件で、画面には RS-21 が出る | R32: なし（schedule-invariants.ts:473。ただし開く経路では先に RS-21 が出る document-file-flow.ts:722-725）
A33: 32 | B33: IV-8 | C33: ファイル読込 — 取り込みの拒否（不変条件 表 T-220） | D33: エラー | E33: — | G33: 既存 | H33: 開いたファイルで、タスクグループ（行）が名前も元タスクも持たないとき | L33: 案「名前の無いタスクグループがあるので、このファイルは開けません → 書き出したときのファイルをそのまま開いてください」 | N33: 文面を直す（コメントに案） | P33: 文面を直す（コメントに案） | Q33: 語が空 | R33: なし（schedule-invariants.ts:486。取込は黙る）
A34: 33 | B34: IV-9 | C34: ファイル読込 — 取り込みの拒否（不変条件 表 T-220） | D34: エラー | E34: — | G34: 既存 | H34: 開いたファイルで、タスクや注記の塗りと線が両方とも透明のとき（プロパティパネルで両方を透明にする編集も同じ拒否） | L34: 案「塗りと線の両方を透明にはできません → どちらかに色を付けてください」（取込では「…ものがあるので、このファイルは開けません」） | N34: 文面を直す（コメントに案） | P34: 文面を直す（コメントに案） | Q34: 語が空 | R34: なし（schedule-invariants.ts:503。編集 task-appearance.ts:125・edit-annotation.ts:366 は RS-10 になる）
A35: 34 | B35: IV-10 | C35: ファイル読込 — 取り込みの拒否（不変条件 表 T-220） | D35: エラー | E35: — | F35: M | G35: 既存 | H35: 開いたファイルで、タスクの終了日が開始日より前のとき | L35: 案: RS-58 の語に「…タスクがあるので、このファイルは開けません」を付けて使う | N35: 文面を直す（コメントに案） | P35: 文面を直す（コメントに案） | Q35: 語が空。RS-58 と同じ条件 | R35: なし（schedule-invariants.ts:529。取込は黙る。編集では RS-58）
A36: 35 | B36: IV-11 | C36: ファイル読込 — 取り込みの拒否（不変条件 表 T-220） | D36: エラー | E36: — | G36: 既存 | H36: 開いたファイルで、フェードを持つタスクに終了日が無いとき（編集でフェードを付ける場合も） | L36: 案「終了日の無いタスクにはフェードを付けられません → 終了日を入れてから付けてください」 | N36: 文面を直す（コメントに案） | P36: 文面を直す（コメントに案） | Q36: 語が空 | R36: なし（schedule-invariants.ts:549。編集 task-appearance.ts:62 は RS-10）
A37: 36 | B37: IV-12 | C37: ファイル読込 — 取り込みの拒否（不変条件 表 T-220） | D37: エラー | E37: — | G37: 既存 | H37: 開いたファイルで、フェードの日数の和がタスクの期間を超えるとき（プロパティパネルでフェードを長くしすぎた場合も） | L37: 案「フェードの日数の和が、タスクの期間より長くなっています → フェードを短くするか、期間を延ばしてください」 | N37: 文面を直す（コメントに案） | P37: 文面を直す（コメントに案） | Q37: 語が空 | R37: なし（schedule-invariants.ts:567。編集 task-appearance.ts:68・task-plan-actual.ts:311 は RS-10）
A38: 37 | B38: IV-14 | C38: ファイル読込 — 取り込みの拒否（不変条件 表 T-220） | D38: エラー | E38: — | G38: 既存 | H38: 開いたファイルの日付の列が日付として読めない／扱える範囲の外のとき（プロパティパネルで範囲外の日付を入れた場合も） | L38: 案「日付として読めない値か、扱える範囲の外の日付です → 正しい日付を入れてください」（編集の拒否で RS-10 に潰れないように） | N38: 文面を直す（コメントに案） | P38: 文面を直す（コメントに案） | Q38: 語が空。取込では RS-50 が代わりに出る | R38: なし（取込では該当タスクを落として RS-50 になる document-file-flow.ts:341。編集 task-create.ts:32 などは RS-10）
A39: 38 | B39: IV-15 | C39: ファイル読込 — 取り込みの拒否（不変条件 表 T-220） | D39: エラー | E39: — | G39: 既存 | H39: 開いたファイルの取込の通番が文書の通番を超えるとき | L39: 案「ファイルの中の取り込みの記録が食い違っているので、このファイルは開けません → 書き出したときのファイルをそのまま開いてください」 | N39: 文面を直す（コメントに案） | P39: 文面を直す（コメントに案） | Q39: 語が空。内部の数 | R39: なし（schedule-invariants.ts:633。取込は黙る）
A40: 39 | B40: IV-16 | C40: ファイル読込 — 取り込みの拒否（不変条件 表 T-220） | D40: エラー | E40: — | G40: 既存 | H40: 開いたファイルの設定値が、別の設定値との上下の関係を満たさないとき | L40: 案「設定値の上限と下限が逆になっているので、このファイルは開けません → 元のファイルの設定値を直してから開いてください」 | N40: 文面を直す（コメントに案） | P40: 文面を直す（コメントに案） | Q40: 語が空。範囲外の単独値は RS-51 で収めて開くのに、上下の逆転は黙って開かない | R40: なし（schedule-invariants.ts:652。取込は黙る）
A41: 40 | B41: IV-19 | C41: ファイル読込 — 取り込みの拒否（不変条件 表 T-220） | D41: エラー | E41: — | F41: M | G41: 既存 | H41: 開いたファイルで、注記（ハイライトボックス）の開始と終了、上と下が逆のとき | L41: 案「始まりと終わり（または上と下）が逆のハイライトボックスがあるので、このファイルは開けません」 | N41: 文面を直す（コメントに案） | P41: 文面を直す（コメントに案） | Q41: 語が空。RS-58 の注記版 | R41: なし（schedule-invariants.ts:678。取込は黙る）
A42: 41 | B42: IV-18 | C42: ファイル読込 — 取り込みの拒否（不変条件 表 T-220） | D42: エラー | E42: — | F42: M | G42: 既存 | H42: 開いたファイルのタスクグループ（行）の親子が輪になっているとき | L42: 案「タスクグループの親子が輪になっているので、このファイルは開けません → 書き出したときのファイルをそのまま開いてください」 | N42: 文面を直す（コメントに案） | P42: 文面を直す（コメントに案） | Q42: 語が空。RS-55（輪）と近い | R42: なし（schedule-invariants.ts:701。取込は黙る）
A43: 42 | B43: IV-20 | C43: ファイル読込 — 取り込みの拒否（不変条件 表 T-220） | D43: エラー | E43: — | G43: 既存 | H43: 開いたファイルにタスクグループ（行）が 1 つも無いとき | L43: 案「タスクグループが 1 つも無いので、このファイルは開けません」 | N43: 文面を直す（コメントに案） | P43: 文面を直す（コメントに案） | Q43: 語が空 | R43: なし（schedule-invariants.ts:464。取込は黙る）
A44: 43 | B44: IV-21 | C44: ファイル読込 — 取り込みの拒否（不変条件 表 T-220） | D44: エラー | E44: — | F44: M | G44: 既存 | H44: 開いたファイルで実績の両端が入れ替わって実績の長さが負になるとき（プロパティパネルで実績を入れた場合も） | L44: 案「実績の終了が、実績の開始より前になっています → 実績の開始と同じ日か、それより後の日を入れてください」 | N44: 文面を直す（コメントに案） | P44: 文面を直す（コメントに案） | Q44: 語が空。RS-58 の実績版 | R44: なし（validate-imported-document.ts:265・取込は黙る。編集 task-plan-actual.ts:355, 439 は RS-10）
A45: 44 | B45: IV-22 | C45: ファイル読込 — 取り込みの拒否（不変条件 表 T-220） | D45: エラー | E45: — | G45: 既存 | H45: 開いたファイルで、マイルストーンの形とマイルストーン属性が食い違うとき | L45: 案「マイルストーンの形なのにマイルストーンでない（またはその逆の）タスクがあるので、このファイルは開けません」 | N45: 文面を直す（コメントに案） | P45: 文面を直す（コメントに案） | Q45: 語が空 | R45: なし（schedule-invariants.ts:739。取込は黙る）
A46: 45 | B46: RS-1 | C46: 保存・書き出し・コピー | D46: エラー | E46: 要 | G46: 既存 | H46: Ctrl+S（保存する）で上書き保存したとき、前に選んだファイルへの書き込み権限が切れていたとき（ブラウザを開き直した後など） | I46: このファイルへ書き込む権限が切れています | J46: もう一度ファイルを選び直すと、書き込めるようになります | K46: Permission to write to this file has lapsed → Choose the file again to restore permission | L46: 保存できていないことは画面に出ない。告げないと編集が失われる | M46: NT-3a | N46: 表示する（今のまま） | P46: 表示する（今のまま） | R46: src/framework/single-html-shell/frame-loop.ts:2833（raiseFileFault、対応表 878 permissionLost）
A47: 46 | B47: RS-2 | C47: 保存・書き出し・コピー | D47: エラー | E47: 要 | F47: F | G47: 既存 | H47: ファイルを開いていない（新規作成した）文書で Ctrl+S（保存する）を押したとき | I47: 開いているファイルが無いので、上書きする先がありません | J47: 保存先を選んで書き出してください | K47: No file is open, so there is nothing to overwrite → Choose a destination and write it out | L47: 保存されていないことは画面に出ないので要る（できれば通知の代わりに『書き出して保存』の面を開くとなおよい） | M47: NT-3a | N47: 表示する（今のまま） | P47: 表示する（今のまま） | Q47: 次の一手が RS-5 と同文 | R47: src/framework/single-html-shell/frame-loop.ts:2833（対応表 879 noOpenedFile）
A48: 47 | B48: RS-3 | C48: 保存・書き出し・コピー | D48: エラー | E48: 要 | F48: F | G48: 既存 | H48: このブラウザでファイル書き込み（またはクリップボード）が使えず、保存・書き出し・『画像をコピー』ができなかったとき | I48: この環境ではファイルへの書き込みが行えません | J48: 別の保存先を選んで書き出してください | K48: Writing to a file is not available here → Choose another destination and write it out | L48: 書けなかったことは画面に出ないので要る | M48: NT-3a | N48: 表示する（今のまま） | P48: 表示する（今のまま） | R48: src/framework/single-html-shell/frame-loop.ts:3333／document-file-flow.ts:973, 996, 1037（SEAM_ABSENT_REASON）／対応表 880
A49: 48 | B49: RS-76 | C49: 保存・書き出し・コピー | D49: エラー | E49: 要 | F49: H | G49: 新規 | H49: Ctrl+S（保存する）や『書き出して保存』が、権限など既知の理由以外で途中で失敗したとき | I49: ファイルへ書く途中で、思いがけない理由で失敗しました。ファイルに書けていないかもしれません | J49: 別の保存先を選んで、もう一度書き出してください | K49: Writing to the file failed partway for an unexpected reason; the file may not hold it → Choose another destination and write it out once more | L49: ファイルに書けていないかもしれない（データが失われ得る）ので必ず告げる | M49: NT-3a | N49: 表示する（今のまま） | P49: 表示する（今のまま） | Q49: CR-705 で新設。次の一手は RS-3 とほぼ同文（クラスタ F にも近い） | R49: src/framework/single-html-shell/document-file-flow.ts:507（beginWritingDocumentFile の catch）
A50: 49 | B50: RS-5 | C50: 保存・書き出し・コピー | D50: エラー | E50: 要 | F50: F | G50: 既存 | H50: SVG 画像・PNG 画像など書き出し専用の形式で開いたファイルへ上書き保存しようとしたとき | I50: この形式は書き出し専用なので、開いたファイルへは上書きできません | J50: 保存先を選んで書き出してください | K50: This format only goes out, so it cannot overwrite the opened file → Choose a destination and write it out | L50: 上書きされていないことは画面に出ないので要る | M50: NT-1 | N50: 表示する（今のまま） | P50: 表示する（今のまま） | Q50: 次の一手が RS-2 と同文 | R50: src/framework/single-html-shell/frame-loop.ts:2833（対応表 882 notAnOverwriteTarget）
A51: 50 | B51: RS-40 | C51: 保存・書き出し・コピー | D51: エラー | E51: 要 | F51: F | G51: 既存 | H51: このビルドで未対応の形式で書き出そうとしたとき | I51: この形式は、このビルドではまだ書けません | J51: 別の形式を選んでください | K51: This build cannot write this format yet → Choose another format | L51: 出す箇所も場面も無い。辞書と表から退役させてよい | M51: NT-3a | N51: 表示しない | P51: 表示しない | Q51: 書き出しの面には対応する形式しか並ばないので、出る場面が無い | R51: なし（型の和 frame-loop.ts:777 と作法の表 843 にあるだけで、出す箇所が無い）
A52: 51 | B52: QN-4 | C52: 保存・書き出し・コピー | D52: 確認 | E52: 要 | F52: L | G52: 既存 | H52: Ctrl+S（保存する）で上書きする先が、開いたときとは別の文書に変わっていたとき（別のアプリやタブで書き換えられた） | I52: 開いたときと同じ文書ではありません。上書きしますか？ その間の変更が失われます | K52: This is not the document that was opened. Overwrite it? The changes made since will be lost | L52: 他所での変更を上書きで失う。データ損失を防ぐ問いなので要る | M52: NT-7 | N52: 表示する（今のまま） | P52: 表示する（今のまま） | Q52: Yes / No、y / n、Esc = No | R52: src/framework/single-html-shell/document-file-flow.ts:456
A53: 52 | B53: RS-43 | C53: 保存・書き出し・コピー | D53: エラー | E53: 要 | F53: G | G53: 既存 | H53: SVG/PNG の書き出しや『画像をコピー』で、タスクグループ（行）が多すぎて描ける大きさを超えたとき | I53: 行が多すぎて、この大きさでは描けません | J53: 行を畳むか、期間を絞ってから書き出してください | K53: There are too many rows to draw at this size → Fold some rows or narrow the period, then export again | L53: 書き出せなかったことと、どうすればよいかは画面に出ないので要る | M53: NT-3a | N53: 表示する（今のまま） | P53: 表示する（今のまま） | Q53: 次の一手が RS-22 と同文 | R53: src/framework/single-html-shell/frame-loop.ts:3343／document-file-flow.ts:954, 978
A54: 53 | B54: RS-22 | C54: 保存・書き出し・コピー | D54: 警告 | E54: 要 | F54: G | G54: 既存 | H54: （場面なし）書き出しで収まらないタスクがあったとき | I54: 収まらないタスクがあるので、一部を描いていません | J54: 行を畳むか、期間を絞ってから書き出してください | K54: Some tasks did not fit, so they are not drawn → Fold some rows or narrow the period, then export again | L54: 仕様が出さないと定めており、出る場面も無い | M54: NT-5 | N54: 表示しない | P54: 表示しない | Q54: 席番号を残すためだけの行 | R54: なし（spec 表 T-233 が「上げる者はいない」と定め、型の和にも無い）
A55: 54 | B55: RS-42 | C55: 保存・書き出し・コピー | D55: エラー | E55: 要 | F55: H | G55: 既存 | H55: PNG の書き出し・『画像をコピー』の描画や、単一 HTML の書き出しで原因の分からない失敗が起きたとき | I55: 原因の分からない誤りが起きました | J55: 記録を始めてから、もう一度お試しください。記録は止めると写されます | K55: Something went wrong and the cause is not known → Start the recording, try once more, and stop it to copy the record | L55: RS-15 と言うことが同じ。「書き出しを終えられませんでした → もう一度行ってください。続くときは…」の 1 文に寄せる | M55: NT-3a | N55: 1 枚にまとめる（同じまとまりの他の行と） | P55: 1 枚にまとめる（同じまとまりの他の行と） | Q55: 次の一手が「記録を始めて…」で、デバッグ用ログ取得を知らない利用者には読みにくい。RS-15 と近い | R55: src/framework/single-html-shell/document-file-flow.ts:982, 1001（対応表 141-142、frame-loop.ts:953, 955）
A56: 55 | B56: RS-68 | C56: 保存・書き出し・コピー | D56: 通知 | E56: 要 | F56: J | G56: 既存 | H56: ヘッダーの『画像をコピー』で日程の画像をクリップボードへコピーできたとき（成功） | I56: スケジュールをクリップボードにコピーしました | K56: The schedule was copied to the clipboard | L56: 成功の知らせで、利用者にすることは無い | M56: NT-5 | N56: OK を押さずに自然に消える表示にする | P56: OK を押さずに自然に消える表示にする | Q56: 成功の知らせなのに OK が要る。積みの上限に当たると RS-24 と 2 枚並ぶ（frame-loop.ts:3357） | R56: src/framework/single-html-shell/frame-loop.ts:3356
A57: 56 | B57: RS-6 | C57: 編集操作（文書を変える操作の拒否・確認） | D57: エラー | E57: 要 | F57: A | G57: 既存 | H57: AI などが文書を書き換えた直後に、古い状態のまま画面で変更したとき | I57: 文書が別の場所で変わったので、この変更は適用できません | J57: いまの文書を読み直してから、もう一度行ってください | K57: The document changed elsewhere, so this change was not applied → Read the current document again, then try once more | L57: RS-6/7/8/9 は内部の事情の言い分けで、利用者の手は「少し待ってもう一度」だけ。「いまは変更を受け付けられなかったので、行っていません → もう一度行ってください」の 1 文にまとめる | M57: NT-1 | N57: 1 枚にまとめる（同じまとまりの他の行と） | P57: 1 枚にまとめる（同じまとまりの他の行と） | R57: src/framework/single-html-shell/frame-loop.ts:2840（raiseWriteRefusal、対応表 888 staleStamp）
A58: 57 | B58: RS-7 | C58: 編集操作（文書を変える操作の拒否・確認） | D58: エラー | E58: 要 | F58: A | G58: 既存 | H58: ドラッグの最中にキー操作や AI の書き込みが来たとき | I58: ドラッグの最中なので、この変更は適用できません | J58: ドラッグを終えてから、もう一度行ってください | K58: A drag is in progress, so this change was not applied → Finish the drag, then try once more | L58: RS-6 と同じ 1 文にまとめる | M58: NT-1 | N58: 1 枚にまとめる（同じまとまりの他の行と） | P58: 1 枚にまとめる（同じまとまりの他の行と） | R58: src/framework/single-html-shell/frame-loop.ts:2840（対応表 889 gestureInFlight）
A59: 58 | B59: RS-8 | C59: 編集操作（文書を変える操作の拒否・確認） | D59: エラー | E59: 要 | F59: A | G59: 既存 | H59: タスク名などのその場の編集を確定しないまま、別の変更（ボタンやキー）をしたとき | I59: その場の編集が確定していないので、この変更は適用できません | J59: 編集を確定するか取りやめてから、もう一度行ってください | K59: An in-place edit has not been committed, so this change was not applied → Commit or cancel the edit, then try once more | L59: RS-6 と同じ 1 文にまとめる（確定を促す一言は残してよい） | M59: NT-1 | N59: 1 枚にまとめる（同じまとまりの他の行と） | P59: 1 枚にまとめる（同じまとまりの他の行と） | R59: src/framework/single-html-shell/frame-loop.ts:2840（対応表 890 editingInPlace）
A60: 59 | B60: RS-9 | C60: 編集操作（文書を変える操作の拒否・確認） | D60: エラー | E60: 要 | F60: A | G60: 既存 | H60: 変更の通知を AI 側へ配っている最中に変更したとき | I60: 通知を配っている最中なので、この変更は適用できません | J60: 少し待ってから、もう一度行ってください | K60: Notices are being delivered, so this change was not applied → Wait a moment, then try once more | L60: RS-6 と同じ 1 文にまとめる | M60: NT-1 | N60: 1 枚にまとめる（同じまとまりの他の行と） | P60: 1 枚にまとめる（同じまとまりの他の行と） | Q60: 利用者には意味が読みにくい内部事情 | R60: src/framework/single-html-shell/frame-loop.ts:2840（対応表 893 deliveringNotices）
A61: 60 | B61: RS-10 | C61: 編集操作（文書を変える操作の拒否・確認） | D61: エラー | E61: 要 | F61: A | G61: 既存 | H61: まとめて行う変更の中に拒否されるものがあったとき（個別の理由の行に当たらない拒否はすべてここ） | I61: 受け付けられない操作が含まれていたので、まとめて取りやめました | J61: 受け付けられなかった操作を取り除いて、もう一度行ってください | K61: One of the changes was refused, so the whole set was dropped → Take out the refused change, then try once more | L61: 変更が丸ごと行われなかったことは告げる必要がある。ただし個別の理由が潰れる問題は別に直す | M61: NT-1 | N61: 表示する（今のまま） | P61: 表示する（今のまま） | Q61: IV-2/6/9/11/12/14/21 の編集での拒否もここに潰れる（spec 表 T-233 の前文が禁じる形） | R61: src/framework/single-html-shell/frame-loop.ts:2840（対応表 894 refused。REFUSAL_SITUATIONS 905-914 に当たらない拒否）
A62: 61 | B62: RS-27 | C62: 編集操作（文書を変える操作の拒否・確認） | D62: エラー | E62: 要 | F62: B | G62: 既存 | H62: 押した操作に対象が無いとき（取り消す・やり直す履歴が無い、何も選ばずにコピー・貼り付け、担当者名簿で誰も選ばずに『削除』、問いや面が答えを待っている間に別の入口を押した 等） | I62: この操作は、いま行えることがありません | J62: 対象ができてから、もう一度押してください | K62: There is nothing for this control to do right now → Try it again once there is something for it to act on | L62: 押しても何も変わらないことは画面で分かる。毎回 OK を求めるのが最も煩わしい行 | M62: NT-1 | N62: 表示しない | P62: 表示しない | Q62: src で 10 か所以上から出る。最も多く出る通知 | R62: src/framework/single-html-shell/frame-loop.ts:3261, 3306, 3313, 3381／copy-and-paste.ts:52, 63, 69／file-flow-values.ts:282／screen-values.ts:548／対応表 892 questionAsked
A63: 62 | B63: RS-24 | C63: 編集操作（文書を変える操作の拒否・確認） | D63: エラー | E63: 要 | G63: 既存 | H63: 1 つのタスクグループ（行）に重なるタスクが多すぎて積めないとき（タスクの作成・貼り付け・描画・画像の書き出しとコピー） | I63: 1 つの行に重なるタスクが多すぎるので、これ以上積めません | J63: 重なっているタスクを別の行へ移すか、日付をずらしてください | K63: Too many tasks overlap on one row, so no more can be stacked → Move some of the overlapping tasks to another row, or shift their dates | L63: 描かれない・作られないタスクがあることは画面からは読みにくい | M63: NT-3a | N63: 表示する（今のまま） | P63: 表示する（今のまま） | Q63: 描画のたびにも立ち得る（frame-loop.ts:2551、新しく当たったときだけ）。画像コピーでは成功通知 RS-68 と並ぶ | R63: src/framework/single-html-shell/frame-loop.ts:2551, 3357／copy-and-paste.ts:73, 112／document-file-flow.ts:922
A64: 63 | B64: RS-53 | C64: 編集操作（文書を変える操作の拒否・確認） | D64: エラー | E64: 要 | G64: 既存 | H64: コマンドパレットでバーの形状（矩形・矢羽根など）を構えたまま、引かずにクリックしたとき | I64: タスクは期間を持つので、引かないと作れません | J64: 始める日から終わる日まで引いてください。点を置きたいときはマイルストーンを使います | K64: A task has a span, so it is not created without a drag → Drag from the start day to the finish day. To place a point, use a milestone | L64: 使い方の案内であり、失うものは無い。読めれば足りる | M64: NT-1 | N64: 表示しない | P64: OK を押さずに自然に消える表示にする | R64: src/framework/single-html-shell/frame-loop.ts:3381（対応表 982 barShapeReleasedWithoutADrag）
A65: 64 | B65: RS-54 | C65: 編集操作（文書を変える操作の拒否・確認） | D65: エラー | E65: 要 | G65: 既存 | H65: コマンドパレットで構えた形状を、当てられない選択物（注記など）に当てようとしたとき | I65: 構えている形状は、選んでいるものには当てられません | J65: 構えはそのまま使えます。選択を解いて、空いている所に引いてください | K65: The armed shape cannot be applied to what is selected → The arming is still live; clear the selection and drag on empty space | L65: 構えは残り、何も失われない案内なので自然に消えてよい | M65: NT-1 | N65: OK を押さずに自然に消える表示にする | P65: OK を押さずに自然に消える表示にする | R65: src/framework/single-html-shell/frame-loop.ts:906（REFUSAL_SITUATIONS CM-20）→ 2840
A66: 65 | B66: RS-57 | C66: 編集操作（文書を変える操作の拒否・確認） | D66: エラー | E66: 要 | F66: M | G66: 既存 | H66: 同じ ID のもの（タスクグループ・注記など）を作ろうとしたとき（主に AI の書き込みや貼り付け） | I66: 同じ id のものが、この文書に既にあります | J66: 別の id を与えてください | K66: Something with the same id is already in this document → Give it a different id | L66: 作られなかった理由は画面に出ないので要る | M66: NT-1 | N66: 表示する（今のまま） | P66: 表示する（今のまま） | Q66: IV-1 と同じ条件 | R66: src/framework/single-html-shell/frame-loop.ts:909（REFUSAL_SITUATIONS IV-1）→ 2840
A67: 66 | B67: RS-58 | C67: 編集操作（文書を変える操作の拒否・確認） | D67: エラー | E67: 要 | F67: M | G67: 既存 | H67: プロパティパネルやドラッグでタスクの予定終了日を予定開始日より前にしたとき | I67: 終了の日が、開始の日より前になっています | J67: 開始と同じ日か、それより後の日を入れてください | K67: The finish day is before the start day → Enter the same day as the start, or a later one | L67: 値が元に戻るのは画面で見える。理由だけ読めればよく、OK は要らない | M67: NT-1 | N67: OK を押さずに自然に消える表示にする | P67: OK を押さずに自然に消える表示にする | Q67: IV-10 と同じ条件 | R67: src/framework/single-html-shell/frame-loop.ts:910-913（REFUSAL_SITUATIONS CM-6/11/88/90）→ 2840
A68: 67 | B68: RS-44 | C68: 編集操作（文書を変える操作の拒否・確認） | D68: エラー | E68: 要 | G68: 既存 | H68: コメントボックス・ハイライトボックスを、タスクグループ（行）の無い場所に置こうとしたとき | I68: そこには注記を置く行がありません | J68: 行の上で置いてください | K68: There is no row there to put the annotation on → Place it over a row | L68: 置かれなかったことは画面で見える。理由の案内だけでよい | M68: NT-1 | N68: 表示しない | P68: OK を押さずに自然に消える表示にする | R68: src/framework/single-html-shell/frame-loop.ts:3381（対応表 980 noRowToPutTheAnnotationOn）
A69: 68 | B69: RS-34 | C69: 編集操作（文書を変える操作の拒否・確認） | D69: エラー | E69: 要 | F69: B | G69: 既存 | H69: 揃える相手のタスクを選ばずに『開始日で揃える』『終了日で揃える』を押したとき | I69: 揃える相手のタスクが選ばれていません | J69: タスクを選んでから、もう一度押してください | K69: No task is chosen to align → Choose a task first, then press again | L69: 何をすればよいか（先に選ぶ）は案内が要るが、失うものは無いので OK は要らない | M69: NT-1 | N69: 表示しない | P69: OK を押さずに自然に消える表示にする | R69: src/framework/single-html-shell/frame-loop.ts:3381（対応表 975 noTaskChosenToAlignWith）
A70: 69 | B70: RS-49 | C70: 編集操作（文書を変える操作の拒否・確認） | D70: 警告 | E70: 要 | G70: 既存 | H70: （入口未実装）担当者名簿で担当者の名前を変えたとき | I70: 担当者の名前を変えました。この担当者が付いているタスクの表示が変わります | J70: 変えたくないものが含まれていたときは、元に戻してください | K70: The assignee has been renamed, and every task they are on now shows the new name → Undo it if that reached something you did not mean to rename | L70: 名前の変化はタスクの表示で見え、取り消しで戻せる。入口ができても通知は要らない | M70: NT-3 | N70: 表示しない | P70: 表示しない | Q70: 件数付き（NT-3）の予定 | R70: なし（型の和にも無い。改名の入口 AS-1 が未実装と spec が明記）
A71: 70 | B71: RS-61 | C71: 編集操作（文書を変える操作の拒否・確認） | D71: エラー | E71: 要 | F71: N | G71: 既存 | H71: 編集グループが設定された（読み取り専用の）タスクグループ（行）を編集しようとしたとき | I71: この行は読み取り専用です（編集グループが設定されています） | J71: 編集グループの無い行へコピーしてから編集してください | K71: This row is read-only (an edit group is set on it) → Copy it into a row with no edit group, then edit it | L71: 実装されたら、編集できない理由は画面から分からないので要る | M71: NT-1 | N71: OK を押さずに自然に消える表示にする | P71: 表示する（今のまま） | Q71: RS-62 と対 | R71: なし（src に FR-111 の参照が 0 件。編集グループ自体が未実装）
A72: 71 | B72: QN-1 | C72: 編集操作（文書を変える操作の拒否・確認） | D72: 確認 | E72: 要 | F72: K | G72: 既存 | H72: タスクグループパネル（行見出しパネル）の『行を削除』でタスクの載ったタスクグループ（行）を削除するとき | I72: この行と、行に載っているタスクを削除しますか？ | K72: Delete this row and the tasks on it? | L72: タスクがまとめて消えるので、名前を見せて問うのは要る | M72: NT-7 | N72: 表示する（今のまま） | P72: 表示する（今のまま） | Q72: 消えるタスク名を一覧。文中の「行」は CR-708（下書き）で「タスクグループ」に変わる予定 | R72: src/use-case/edit-document/deletion-confirmations.ts:58
A73: 72 | B73: QN-2 | C73: 編集操作（文書を変える操作の拒否・確認） | D73: 確認 | E73: 要 | F73: K | G73: 既存 | H73: 配下（WBS の子孫）を持つタスクを削除するとき | I73: このタスクと、その配下のタスクを削除しますか？ | K73: Delete this task and the tasks under it? | L73: 選んでいない配下のタスクも消えるので問うのは要る | M73: NT-7 | N73: 表示する（今のまま） | P73: 表示する（今のまま） | R73: src/use-case/edit-document/deletion-confirmations.ts:58
A74: 73 | B74: QN-10 | C74: 編集操作（文書を変える操作の拒否・確認） | D74: 確認 | E74: 要 | F74: K | G74: 既存 | H74: タスクグループパネル（行見出しパネル）の頭の『すべての行を削除』を押したとき | I74: すべての行と、行に載っているタスクを削除しますか？ | K74: Delete all rows and the tasks on them? | L74: 文書の中身がすべて消えるので要る | M74: NT-7 | N74: 表示する（今のまま） | P74: 表示する（今のまま） | Q74: QN-1 の全行版 | R74: src/adapter/input-command-translator/row-tree-entrances.ts:143
A75: 74 | B75: QN-3 | C75: 編集操作（文書を変える操作の拒否・確認） | D75: 確認 | E75: 要 | F75: K | G75: 既存 | H75: 担当者名簿で、タスクに割り当て中の担当者を『削除』するとき | I75: 選んでいる担当者を削除しますか？ 下のタスクの割り当てが外れます | K75: Delete the selected resources? They will be unassigned from the tasks below | L75: 割り当てが外れるタスクを名前で見せる必要がある | M75: NT-7 | N75: 表示する（今のまま） | P75: 表示する（今のまま） | Q75: 割り当てが外れるタスク名を一覧 | R75: src/use-case/edit-document/deletion-confirmations.ts:17
A76: 75 | B76: shownOnAnotherRow | C76: 編集操作（文書を変える操作の拒否・確認） | D76: 確認 | E76: 要 | F76: K | G76: 既存 | H76: QN-1・QN-2・QN-10 の削除の確認の一覧で、別のタスクグループ（行）にも表示されているタスクに添える | I76: 別の行に表示中 | K76: shown on another row | L76: 消すと別の場所の表示も消えることを知らせる付記で、問いの一部 | N76: 表示する（今のまま） | P76: 表示する（今のまま） | Q76: 確認の付記（単独では出ない）。「行」は CR-708 で変わる予定 | R76: src/framework/dom-screen-surface/notices-drawing.ts:127
A77: 76 | B77: RS-36 | C77: タスクグループの階層・移動 | D77: エラー | E77: 要 | F77: C | G77: 既存 | H77: タスクグループパネルで、すぐ上に兄弟の無いタスクグループ（行）を一段深くしようとしたとき | I77: すぐ上に兄弟が無いので、これ以上深い段へは動かせません | J77: 一つ上へ動かしてから、もう一度お試しください | K77: There is no row directly above this one to become a child of → Move it up one place first, then try again | L77: 動かなかったことは画面で見える。理由の案内だけでよい | M77: NT-1 | N77: 表示しない | P77: OK を押さずに自然に消える表示にする | R77: src/framework/single-html-shell/frame-loop.ts:3381（対応表 976）
A78: 77 | B78: RS-37 | C78: タスクグループの階層・移動 | D78: エラー | E78: 要 | F78: C | G78: 既存 | H78: いちばん浅い段のタスクグループ（行）をさらに浅くしようとしたとき | I78: いちばん浅い段に居るので、これ以上浅い段へは動かせません | J78: 上下に動かすことはできます | K78: This row is already at the shallowest level → You can still move it up or down | L78: 動かなかったことは画面で見える | M78: NT-1 | N78: 表示しない | P78: OK を押さずに自然に消える表示にする | R78: src/framework/single-html-shell/frame-loop.ts:3381（対応表 977）
A79: 78 | B79: RS-38 | C79: タスクグループの階層・移動 | D79: エラー | E79: 要 | F79: C | G79: 既存 | H79: 段の上限にあるタスクグループ（行）をさらに深くしようとしたとき | I79: 段の上限に達しているので、これ以上深い段へは動かせません | J79: 上限は文書の設定で変えられます | K79: The level limit has been reached, so this cannot go any deeper → The limit can be changed in the document settings | L79: RS-46 と 1 文にまとめ「段の上限に達しているので、これ以上深くできません → 上限は文書の設定で変えられます」とし、自然に消える表示にする | M79: NT-1 | N79: 表示しない | P79: 1 枚にまとめる（同じまとまりの他の行と） | Q79: RS-46 とほぼ同じ（同じ深さの上限） | R79: src/framework/single-html-shell/frame-loop.ts:3381（対応表 978）
A80: 79 | B80: RS-46 | C80: タスクグループの階層・移動 | D80: エラー | E80: 要 | F80: C | G80: 既存 | H80: 段の上限にあるタスクグループ（行）の下に『配下に追加』で追加しようとしたとき | I80: これ以上深い段には行を追加できません | J80: もっと浅い行に追加してください | K80: A row cannot be added any deeper than this → Add it to a shallower row | L80: RS-38 と同じ 1 文にまとめる | M80: NT-3a | N80: 表示しない | P80: 1 枚にまとめる（同じまとまりの他の行と） | Q80: RS-38 とほぼ同じ | R80: src/framework/single-html-shell/frame-loop.ts:3381（対応表 981）
A81: 80 | B81: RS-39 | C81: タスクグループの階層・移動 | D81: エラー | E81: 要 | F81: C | G81: 既存 | H81: タスクグループ（行）を上下へ移動するとき、その向きに置ける場所が無いとき（いちばん上で上へ 等） | I81: その向きに置ける場所が無いので、これ以上動かせません | J81: 逆の向きへは動かせます | K81: There is nowhere further in that direction to put this row → It can still be moved the other way | L81: 端で止まるのは画面で明らかで、案内も要らない | M81: NT-1 | N81: 表示しない | P81: 表示しない | R81: src/framework/single-html-shell/frame-loop.ts:3381（対応表 979）
A82: 81 | B82: RS-55 | C82: タスクグループの階層・移動 | D82: エラー | E82: 要 | F82: M | G82: 既存 | H82: タスクグループ（行）やタスクを、自分自身や自分の配下の中へドラッグで動かそうとしたとき | I82: 自分自身や、その下にある行の中へは動かせません | J82: 先に外へ出してから、親にしたい行の下へ動かしてください | K82: A row cannot be moved under itself or under one of its own descendants → Move it out first, then under the row you want as its parent | L82: 動かなかったことは画面で見える。理由の案内だけでよい | M82: NT-1 | N82: 表示しない | P82: OK を押さずに自然に消える表示にする | Q82: IV-4・IV-18（輪）と近い | R82: src/framework/single-html-shell/frame-loop.ts:907（REFUSAL_SITUATIONS HM-4）→ 2840
A83: 82 | B83: RS-28 | C83: 表示（折り畳み・表示切替・検索・全画面） | D83: エラー | E83: 要 | F83: B | G83: 既存 | H83: タスクグループパネルで『1 階層だけ開く』を押したが、開ける配下が無いとき | I83: 開く配下のタスクグループがありません | J83: 配下を畳んでから、もう一度押してください | K83: There is no folded group under this row to open → Fold something under this row first, then press again | L83: 押しても何も変わらないことは画面で分かる（クラスタ B） | M83: NT-1 | N83: 表示しない | P83: 表示しない | R83: src/framework/single-html-shell/frame-loop.ts:3381（対応表 969）
A84: 83 | B84: RS-29 | C84: 表示（折り畳み・表示切替・検索・全画面） | D84: エラー | E84: 要 | F84: B | G84: 既存 | H84: 『畳む』（配下をすべて畳む）を押したが、描かれている子が無いとき | I84: この行は、描かれている子を 1 つも持っていません | J84: 配下の行を戻してから、もう一度押してください | K84: This row draws no child, so there is nothing to fold away → Bring a row under this one back first, then press again | L84: 押しても何も変わらないことは画面で分かる | M84: NT-1 | N84: 表示しない | P84: 表示しない | R84: src/framework/single-html-shell/frame-loop.ts:3381（対応表 970）
A85: 84 | B85: RS-30 | C85: 表示（折り畳み・表示切替・検索・全画面） | D85: エラー | E85: 要 | F85: B | G85: 既存 | H85: 隠した子を戻す操作を押したが、戻せる子が無いとき | I85: この行の直下に、画面へ戻せる子がありません | J85: 配下を畳むか、直下の行を隠してから、もう一度押してください | K85: No child of this row is out of the picture to bring back → Fold what is under this row, or hide one of its children, then press again | L85: 押しても何も変わらないことは画面で分かる | M85: NT-1 | N85: 表示しない | P85: 表示しない | R85: src/framework/single-html-shell/frame-loop.ts:3381（対応表 971）
A86: 85 | B86: RS-31 | C86: 表示（折り畳み・表示切替・検索・全画面） | D86: エラー | E86: 要 | F86: B | G86: 既存 | H86: 『すべて展開する』を押したが、既にすべて開いているとき | I86: すべての行が、もう開いて描かれています | J86: どれかの行を畳むか、縦に縮小してから、もう一度押してください | K86: Every row is already open and drawn → Fold a row or zoom out vertically, then press again | L86: 入口が薄く描かれていて、押せないことは既に見えている | M86: NT-1 | N86: 表示しない | P86: 表示しない | Q86: 入口は薄く描かれる | R86: src/framework/single-html-shell/frame-loop.ts:3381（対応表 972）
A87: 86 | B87: RS-32 | C87: 表示（折り畳み・表示切替・検索・全画面） | D87: エラー | E87: 要 | F87: B | G87: 既存 | H87: 『すべて畳む』を押したが、開いているタスクグループ（行）が無いとき | I87: 開いている行が 1 つもありません | J87: どれかの行を開いてから、もう一度押してください | K87: No row is open → Open a row first, then press again | L87: 押しても何も変わらないことは画面で分かる | M87: NT-1 | N87: 表示しない | P87: 表示しない | R87: src/framework/single-html-shell/frame-loop.ts:3381（対応表 973）
A88: 87 | B88: RS-33 | C88: 表示（折り畳み・表示切替・検索・全画面） | D88: エラー | E88: 要 | F88: B | G88: 既存 | H88: 『予定の表示切替』『実績の表示切替』で、出ている最後の一方を隠そうとしたとき | I88: 予定と実績の両方を隠すことはできません | J88: もう一方を出してから、もう一度押してください | K88: The plan and the actual cannot both be hidden → Show the other one first, then press again | L88: なぜ隠れないかは画面から読めないので一言は要るが、OK は要らない | M88: NT-1 | N88: OK を押さずに自然に消える表示にする | P88: OK を押さずに自然に消える表示にする | Q88: ★予定と実績の両方を消してもよい。 タスク・マイルストーン/進捗マーカーだけを見たい場合がある。 | R88: src/framework/single-html-shell/frame-loop.ts:3381（対応表 974）
A89: 88 | B89: RS-66 | C89: 表示（折り畳み・表示切替・検索・全画面） | D89: エラー | E89: 要 | G89: 既存 | H89: 検索パネルの結果の行を押して飛ぼうとしたが、ピン止めしたタスクグループ（行）が多くて画面に出せないとき | I89: ピン止め行が多くて検索結果を表示できません。 | J89: ピン止めを減らしてください。 | K89: Too many pinned rows to show the search result. → Unpin some rows. | L89: 飛べなかった理由（ピン止めが多い）は画面から分からない | M89: NT-3a | N89: OK を押さずに自然に消える表示にする | P89: 表示する（今のまま） | Q89: 文末の「。」が他の行と不揃い | R89: src/framework/single-html-shell/frame-loop.ts:1851
A90: 89 | B90: RS-59 | C90: 表示（折り畳み・表示切替・検索・全画面） | D90: エラー | E90: 要 | G90: 既存 | H90: ヘッダーの『全画面表示』を押したが、ブラウザが全画面表示を認めなかったとき | I90: ブラウザが全画面表示を認めませんでした | J90: ブラウザのメニューから全画面表示にしてください | K90: The browser did not allow full screen → Use the browser's own menu to go full screen | L90: 代わりの手（ブラウザのメニュー）を告げる必要がある | M90: NT-3a | N90: OK を押さずに自然に消える表示にする | P90: 表示する（今のまま） | R90: src/framework/single-html-shell/frame-loop.ts:3503
A91: 90 | B91: RS-56 | C91: 依存関係・WBS の親子 | D91: エラー | E91: 要 | G91: 既存 | H91: 『依存線を引く』で、同じタスクから同じタスクへ線を引こうとしたとき（自己依存） | I91: 同じタスクを、依存の前と後ろの両方にはできません | J91: 別のタスクへ引いてください | K91: One task cannot be both ends of a dependency → Draw the line to a different task | L91: 線が引かれないことは見える。理由の案内だけでよい | M91: NT-1 | N91: OK を押さずに自然に消える表示にする | P91: OK を押さずに自然に消える表示にする | R91: src/framework/single-html-shell/frame-loop.ts:908（REFUSAL_SITUATIONS CM-36）→ 2840
A92: 91 | B92: RS-69 | C92: 依存関係・WBS の親子 | D92: エラー | E92: 要 | G92: 既存 | H92: 『親定義』を構えて、マイルストーンの上で離したとき | I92: マイルストーンは開始ー終了の期間を持たないため親タスクとして定義できません | J92: 期間を持つタスクへ引いてください | K92: A milestone has no start-to-finish span, so it cannot be a parent task → Drag to a task that has a span | L92: 案「マイルストーンは期間を持たないので、親タスクにはできません → 期間を持つタスクへ引いてください」（長音符の誤記も直す）。表示は自然に消えるでよい | M92: NT-1 | N92: 文面を直す（コメントに案） | O92: 推奨通り文面を直せ | P92: 文面を直す（コメントに案） | Q92: 文中の「開始ー終了」は長音符（ー）でダッシュではない | R92: src/framework/single-html-shell/frame-loop.ts:3381（対応表 983）
A93: 92 | B93: RS-70 | C93: 依存関係・WBS の親子 | D93: エラー | E93: 要 | G93: 既存 | H93: 『親子判別』で出る、期間から推定された仮の親子の矢印（破線）を選ぶ／消そうとしたとき | I93: 期間から推定された仮の親子関係は選択・削除できません | J93: 確定するには、親定義を構えて子から親へ引いてください | K93: A parent inferred from the dates cannot be selected or deleted → To make it definite, arm Set a WBS Parent and drag from the child to the parent | L93: 確定する道の案内は役に立つが、失うものは無い | M93: NT-1 | N93: OK を押さずに自然に消える表示にする | P93: OK を押さずに自然に消える表示にする | R93: src/framework/single-html-shell/frame-loop.ts:3381（対応表 984）
A94: 93 | B94: QN-12 | C94: 依存関係・WBS の親子 | D94: 確認 | E94: 要 | G94: 既存 | H94: 範囲選択でタスクと親子の矢印が一緒に選ばれたとき（ポインタの近くに 2 択の面が立つ） | I94: タスクと親子関係の矢印が一緒に選ばれました。どちらを選びますか | K94: Tasks and parent arrows are selected together. Which do you want to select? | L94: どちらを選ぶかは利用者にしか決められない | N94: 表示する（今のまま） | P94: 表示する（今のまま） | Q94: Yes / No ではなく wbsParentChoice の 2 択。Esc か面の外を押すと選ばずに閉じる | R94: src/adapter/screen-renderer/notices.ts:36
A95: 94 | B95: RS-41 | C95: 設定・透かし・リセット | D95: エラー | E95: 要 | G95: 既存 | H95: 『透かしを消す（パスワードが必要）』の面で、透かし解除パスワードが違うとき | I95: 透かし解除パスワードが合いません | J95: もう一度入れてください | K95: That is not the watermark unlock password → Try entering it again | L95: 違ったことは告げないと分からない（できれば面の中に出す） | M95: NT-3a | N95: 表示する（今のまま） | P95: 表示する（今のまま） | R95: src/use-case/advance-screen-session/screen-values.ts:734
A96: 95 | B96: QN-9 | C96: 設定・透かし・リセット | D96: 確認 | E96: 要 | G96: 既存 | H96: 『透かしを消す（パスワードが必要）』を押したとき（パスワード入力の面） | I96: 透かしを消すには、透かし解除パスワードが要ります。透かしはアクセス制御ではなく、画面に出した証跡です | K96: Hiding the watermark needs the watermark unlock password. The watermark is a record that this was on screen, not access control | L96: パスワードを入れる面そのものであり、無くせない | M96: NT-7 | N96: 表示する（今のまま） | P96: 表示する（今のまま） | Q96: 問いというより入力の面の説明文 | R96: src/adapter/screen-renderer/open-modals.ts:125（面 U-60）
A97: 96 | B97: RS-19 | C97: 設定・透かし・リセット | D97: 通知 | E97: 要 | G97: 既存 | H97: （出さない）透かしに出す名前が未設定のとき | I97: 透かしに出す名前が、まだ設定されていません | J97: 名前を設定すると、透かしにその名前が出ます | K97: The name the watermark prints has not been set → Set a name and the watermark prints it | L97: 仕様が出さないと定めている | M97: NT-4 | N97: 表示しない | P97: 表示しない | R97: なし（spec が「いまは告げてはならない」と定める。型の和にも無い）
A98: 97 | B98: QN-11 | C98: 設定・透かし・リセット | D98: 確認 | E98: 要 | F98: L | G98: 既存 | H98: ヘルプの『GRS リセット』を押したとき | I98: GRS をリセットしますか？ GRS がこのブラウザに覚えた値（画面の言語など）を消して、ページを読み直します。保存していない編集があれば、それも失われます ※ リセットしても不具合が直らない場合、以下をお試しください。 Ctrl + F5 : 再読み込み F12（開発者ツール）→ Application（Firefox では「ストレージ」）→ GRS のローカルストレージをクリア | K98: Reset GRS? What GRS keeps in this browser (such as the screen language) is cleared and the page is reloaded. Unsaved edits, if any, are lost too * If resetting does not fix the problem, try the following. Ctrl + F5 : reload F12 (developer tools) → Application (Storage in Firefox) → clear GRS's local storage | L98: 覚えた値を消してページを読み直す取り消せない操作なので、問うのは要る | M98: NT-7 | N98: 表示する（今のまま） | P98: 表示する（今のまま） | Q98: 未保存の編集が無くても問う（frame-loop.ts:2126 の WHY）。最も長い文（4 行） | R98: src/framework/single-html-shell/frame-loop.ts:2132
A99: 98 | B99: RS-20 | C99: AI / MCP（Agent API） | D99: 警告 | E99: 要 | G99: 既存 | H99: ヘッダーの『Agent API』で Agent API を無効にしたとき | I99: 無効にしても、既に渡した参照は取り消せません | J99: いま有効かどうかは、画面上の表示で確かめてください | K99: Disabling it does not take back references already handed out → Check the on-screen indicator for whether it is enabled now | L99: 既に渡した参照が生きていることは画面から分からず、安全に関わる | M99: NT-5 | N99: 表示する（今のまま） | P99: 表示する（今のまま） | R99: src/use-case/advance-screen-session/agent-api-values.ts:67
A100: 99 | B100: RS-23 | C100: AI / MCP（Agent API） | D100: エラー | E100: 要 | G100: 既存 | H100: 画面で編集した後、監視している AI 側へ変更の通知が届かなかったとき | I100: 変更の通知を配れなかった相手があります | J100: 相手が受け取れる状態か確かめて、もう一度編集してください | K100: A change notice could not be delivered to one of the watchers → Check that the watcher can receive, then edit once more | L100: 人の編集は通っており、AI 側の事情を知らせるだけ。編集のたびに OK を求めるのは重い | M100: NT-3a | N100: OK を押さずに自然に消える表示にする | P100: OK を押さずに自然に消える表示にする | Q100: 人の編集のたびに出得る | R100: src/use-case/advance-screen-session/notice-values.ts:139
A101: 100 | B101: RS-62 | C101: AI / MCP（Agent API） | D101: エラー | E101: 要 | F101: N | G101: 既存 | H101: AI（Agent API）がタスクグループ（行）の編集グループを書き換えようとしたとき | I101: 編集権限は人だけが変えられます | J101: プロパティパネルで、人に入れてもらってください | K101: Only a person can change the edit permission → Ask a person to set it in the properties panel | L101: 拒否は AI に返れば足り、画面の利用者がすることは無い | M101: NT-1 | N101: 表示しない | P101: 表示しない | Q101: RS-61 と対。AI への拒否で、画面に出すかも決まっていない | R101: なし（src に FR-111 の参照が 0 件）
A102: 101 | B102: RS-65 | C102: AI / MCP（Agent API） | D102: 通知 | E102: 要 | F102: J | G102: 既存 | H102: ヘッダーの『日程の画像をデータ化するプロンプト』でプロンプトをクリップボードへコピーできたとき（成功） | I102: クリップボードに貼り付けたプロンプトをAIに渡してください。 | J102: 冒頭部分は適宜編集してください。 | K102: Paste the prompt from the clipboard into an AI. → Edit its opening part as needed. | L102: 成功の知らせで、次にすること（AI に貼る）は読めれば足りる | M102: NT-5 | N102: OK を押さずに自然に消える表示にする | P102: OK を押さずに自然に消える表示にする | Q102: 成功の知らせ。文末の「。」が他の行と不揃い | R102: src/framework/single-html-shell/frame-loop.ts:3496
...

Sheet まとまり
A1: まとまり | B1: 中身（2026-10-07 の一覧から。新規の行はシート『記入』の列で確かめた） | C1: 行数
A2: A | B2: 「この変更は適用できません」 —— RS-6 / RS-7 / RS-8 / RS-9 / RS-10（次の一手がすべて「…もう一度行ってください」）。RS-15・RS-27 も同じ型 | C2: =COUNTIF(記入!$F$2:$F$139,A2) -> 6
A3: B | B3: 「対象が無い・押しても何も起きない」 —— RS-27 / RS-28 / RS-29 / RS-30 / RS-31 / RS-32 / RS-33 / RS-34（次の一手がすべて「…もう一度押してください」） | C3: =COUNTIF(記入!$F$2:$F$139,A3) -> 8
A4: C | B4: 「これ以上動かせません」 —— RS-36 / RS-37 / RS-38 / RS-39 / RS-46（RS-38 と RS-46 は同じ深さの上限） | C4: =COUNTIF(記入!$F$2:$F$139,A4) -> 5
A5: D | B5: 「このファイルは読めません」 —— RS-4 / RS-11 / RS-12 / RS-13 / RS-25 / RS-67（＋RS-26） | C5: =COUNTIF(記入!$F$2:$F$139,A5) -> 7
A6: E | B6: 「新しい形式の文書」 —— RS-48 / RS-63 / RS-64（同じ {downloadUrl} の次の一手） | C6: =COUNTIF(記入!$F$2:$F$139,A6) -> 3
A7: F | B7: 「保存先を選んで書き出してください」 —— RS-2 / RS-5（次の一手が同文）、RS-3 / RS-40（ほぼ同文） | C7: =COUNTIF(記入!$F$2:$F$139,A7) -> 4
A8: G | B8: 「描けない・収まらない」 —— RS-22 / RS-43（次の一手が同文）、RS-24 | C8: =COUNTIF(記入!$F$2:$F$139,A8) -> 2
A9: H | B9: 「原因不明の失敗」 —— RS-15 / RS-42 | C9: =COUNTIF(記入!$F$2:$F$139,A9) -> 4
A10: I | B10: 「読込時に自動で直した」 —— RS-50 / RS-51 / RS-52 / RS-60（＋RS-14・RS-16。1 回の読込で積み重なる） | C10: =COUNTIF(記入!$F$2:$F$139,A10) -> 9
A11: J | B11: 「クリップボードへコピーしました」 —— RS-65 / RS-68 | C11: =COUNTIF(記入!$F$2:$F$139,A11) -> 2
A12: K | B12: 削除の確認 —— QN-1 / QN-2 / QN-10 / QN-3 | C12: =COUNTIF(記入!$F$2:$F$139,A12) -> 5
A13: L | B13: 「失われます」の確認 —— QN-4 / QN-5 / QN-11 / QN-8 | C13: =COUNTIF(記入!$F$2:$F$139,A13) -> 4
... A16: O | B16: 遅延診断の所見 —— VC-15 / VS-4（予定版と実績版）、VC-5 / VC-6（実績開始が無い）、VC-11 / VC-12（親の両端） | C16: =COUNTIF(記入!$F$2:$F$139,A16) -> 6

Sheet 退役・変化
A1: 2026-10-07 の一覧からの変化
A2: RS-71 新規（CR-688、表 T-032 の MG-14）: 『合流させる』で取り込んだ値でタスクを上書きしたとき、件数付きの警告（NT-3）。document-file-flow.ts:604
A3: RS-72 新規（CR-688、MG-14）: 『合流させる』で取込側に無かったタスクを残したとき、件数付きの警告（NT-5）。旧一覧の MG-7（語なし）を置き換える。document-file-flow.ts:606
A4: RS-73 新規（CR-688、MG-14）: 前回は届いて今回届かなかったタスクを名前で並べる（NT-5）。通知の欄ではなく RS-50 と同じ取込報告の面 U-62。旧一覧の MG-11（語なし）を置き換える。open-modals.ts:88
A5: RS-74 新規（CR-692）: 確認の問いが立っている間の Agent API の書き込みの拒否理由（NT-1）。画面には出ない（画面からの同じ拒否は RS-27）
A6: RS-75 新規（CR-705）: ファイルを開く・開き直す操作が思いがけない理由で途中で失敗したとき（NT-3a）。document-file-flow.ts:491
A7: RS-76 新規（CR-705）: 保存・書き出しが思いがけない理由で途中で失敗したとき、ファイルに書けていないかもしれないと告げる（NT-3a）。document-file-flow.ts:507
A8: QN-13 退役（CR-701、JDG-1610）: 非稼働日に端を置いたときの問いをやめた。表 T-234 は 11 → 10 行
A9: MG-7・MG-11 退役（一覧の行として）: 語が RS-72・RS-73 にできたので「辞書に語も src も無い通知」から外れた。残るのは MG-10・EX-3 と FR-100
A10: 文面変更: 0 件（既存の RS / QN / IV / 状態文 / 遅延診断の語は a9cdba5b から 1 文字も変わっていない）
A11: 領域名の変更: 「行の階層・移動」→「タスクグループの階層・移動」（JDG-1570。ただし画面の語の改名 CR-708 は下書きで、メッセージの文はまだ「行」）
A13: 退役した行（記入は不要。参考）
... A27: 7. 面の名前は display-words.json と仕様の今の語で書いた。改名「行 → タスクグループ」は CR-708 が下書き（当てていない）なので、利用者に見える文はまだ「行」。場面の欄では「タスクグループ（行）」と併記し、領域名だけ「タスクグループの階層・移動」に改めた。
